time,open,high,low,close,volume
2024-10-31 00:00:00,1.0861,1.08687,1.08537,1.0866,3304
2024-10-31 01:00:00,1.08662,1.08713,1.08651,1.08692,1962
2024-10-31 02:00:00,1.08692,1.08692,1.08562,1.08604,3147
2024-10-31 03:00:00,1.08605,1.08618,1.08551,1.08555,2247
2024-10-31 04:00:00,1.08551,1.0859,1.08551,1.08572,836
2024-10-31 05:00:00,1.08581,1.08586,1.08538,1.08584,1246
2024-10-31 06:00:00,1.08586,1.086,1.08578,1.08582,743
2024-10-31 07:00:00,1.08581,1.08592,1.0853,1.08534,1711
2024-10-31 08:00:00,1.08533,1.08581,1.08441,1.08446,2548
2024-10-31 09:00:00,1.08446,1.08511,1.08443,1.0849,2390
2024-10-31 10:00:00,1.08491,1.08533,1.08485,1.08498,1807
2024-10-31 11:00:00,1.08497,1.08497,1.0845,1.08478,2511
2024-10-31 12:00:00,1.08477,1.0852,1.08465,1.08512,1793
2024-10-31 13:00:00,1.08513,1.08557,1.0848,1.08517,3031
2024-10-31 14:00:00,1.08516,1.08635,1.08476,1.08589,4103
2024-10-31 15:00:00,1.0859,1.0861,1.08511,1.08561,4674
2024-10-31 16:00:00,1.08563,1.08673,1.08542,1.08665,3910
2024-10-31 17:00:00,1.08663,1.08753,1.08646,1.0867,3582
2024-10-31 18:00:00,1.08669,1.08698,1.08591,1.0868,3424
2024-10-31 19:00:00,1.08682,1.08866,1.08639,1.08797,8680
2024-10-31 20:00:00,1.08796,1.08881,1.08559,1.08594,7951
2024-10-31 21:00:00,1.08594,1.08767,1.08515,1.08655,9033
2024-10-31 22:00:00,1.08654,1.08654,1.08461,1.08554,9270
2024-10-31 23:00:00,1.08554,1.08629,1.08536,1.0858,6070
2024-11-01 00:00:00,1.08581,1.08643,1.08554,1.08615,3526
2024-11-01 01:00:00,1.08616,1.08731,1.08606,1.08704,3992
2024-11-01 02:00:00,1.08705,1.08783,1.08679,1.08773,3639
2024-11-01 03:00:00,1.08775,1.08851,1.08772,1.08833,2470
2024-11-01 04:00:00,1.0883,1.08855,1.08815,1.08821,592
2024-11-01 05:00:00,1.0882,1.08863,1.0881,1.08859,834
2024-11-01 06:00:00,1.0886,1.08863,1.08834,1.08839,1109
2024-11-01 07:00:00,1.08838,1.08874,1.08804,1.08866,1814
2024-11-01 08:00:00,1.08866,1.08885,1.08785,1.08798,3314
2024-11-01 09:00:00,1.08799,1.08811,1.08765,1.08782,2582
2024-11-01 10:00:00,1.08783,1.08789,1.08751,1.08763,1904
2024-11-01 11:00:00,1.08762,1.08789,1.08757,1.0877,1590
2024-11-01 12:00:00,1.08771,1.0878,1.08708,1.08716,2005
2024-11-01 13:00:00,1.08716,1.0875,1.08708,1.08729,2823
2024-11-01 14:00:00,1.08729,1.08775,1.08679,1.08679,3000
2024-11-01 15:00:00,1.08679,1.0868,1.08573,1.08622,4344
2024-11-01 16:00:00,1.08622,1.08684,1.0858,1.08583,2921
2024-11-01 17:00:00,1.08582,1.08611,1.08524,1.08606,3004
2024-11-01 18:00:00,1.08607,1.08693,1.08588,1.08679,2610
2024-11-01 19:00:00,1.0868,1.09057,1.08596,1.08861,11123
2024-11-01 20:00:00,1.08862,1.08896,1.08655,1.08693,9318
2024-11-01 21:00:00,1.08683,1.0875,1.08499,1.08544,9453
2024-11-01 22:00:00,1.08544,1.08586,1.08472,1.08484,6024
2024-11-01 23:00:00,1.08485,1.08543,1.08463,1.08524,3660
2024-11-02 00:00:00,1.08524,1.08529,1.0834,1.08361,2979
2024-11-02 01:00:00,1.0836,1.08455,1.08359,1.08393,3096
2024-11-02 02:00:00,1.08389,1.08416,1.08344,1.08358,2343
2024-11-02 03:00:00,1.08359,1.0837,1.08317,1.08327,3179
2024-11-04 05:00:00,1.08778,1.08809,1.08749,1.08806,1033
2024-11-04 06:00:00,1.08811,1.08811,1.08719,1.08727,3380
2024-11-04 07:00:00,1.08728,1.08791,1.08699,1.08771,2308
2024-11-04 08:00:00,1.08772,1.08912,1.08767,1.08882,3634
2024-11-04 09:00:00,1.08882,1.08942,1.08847,1.08941,3491
2024-11-04 10:00:00,1.08942,1.09049,1.08942,1.09015,3575
2024-11-04 11:00:00,1.09015,1.0903,1.08967,1.08974,2306
2024-11-04 12:00:00,1.08973,1.08999,1.08942,1.08988,3022
2024-11-04 13:00:00,1.08988,1.09019,1.08912,1.08915,3899
2024-11-04 14:00:00,1.08915,1.08955,1.08871,1.08912,3836
2024-11-04 15:00:00,1.08913,1.09007,1.08892,1.08928,4565
2024-11-04 16:00:00,1.08927,1.09021,1.08911,1.08962,3537
2024-11-04 17:00:00,1.08961,1.09028,1.08936,1.09016,2729
2024-11-04 18:00:00,1.09016,1.0914,1.08995,1.09134,3074
2024-11-04 19:00:00,1.09133,1.09147,1.09015,1.09045,3102
2024-11-04 20:00:00,1.09046,1.09092,1.08933,1.09052,4757
2024-11-04 21:00:00,1.0905,1.09096,1.08955,1.08997,5792
2024-11-04 22:00:00,1.08995,1.09081,1.0896,1.08992,6442
2024-11-04 23:00:00,1.08992,1.09009,1.08802,1.0884,4340
2024-11-05 00:00:00,1.08841,1.08937,1.08798,1.08887,3150
2024-11-05 01:00:00,1.08887,1.08891,1.08781,1.08852,2946
2024-11-05 02:00:00,1.08853,1.08857,1.08777,1.08788,2291
2024-11-05 03:00:00,1.08788,1.08814,1.08753,1.08756,2015
2024-11-05 04:00:00,1.08756,1.08775,1.08739,1.08767,1284
2024-11-05 05:00:00,1.08757,1.08787,1.08752,1.08786,418
2024-11-05 06:00:00,1.08786,1.08787,1.08733,1.08735,710
2024-11-05 07:00:00,1.08736,1.08765,1.08724,1.08756,1102
2024-11-05 08:00:00,1.08756,1.0878,1.0873,1.08775,2184
2024-11-05 09:00:00,1.08776,1.08797,1.08753,1.08773,1810
2024-11-05 10:00:00,1.08773,1.08795,1.08752,1.08757,1538
2024-11-05 11:00:00,1.08757,1.08783,1.08743,1.08752,1649
2024-11-05 12:00:00,1.08752,1.088,1.08749,1.08786,1299
2024-11-05 13:00:00,1.08785,1.08822,1.08769,1.08808,1503
2024-11-05 14:00:00,1.08809,1.08907,1.08809,1.08886,2665
2024-11-05 15:00:00,1.08888,1.08941,1.08842,1.08919,3563
2024-11-05 16:00:00,1.08918,1.08976,1.08902,1.08917,2670
2024-11-05 17:00:00,1.08919,1.08944,1.08908,1.08939,2162
2024-11-05 18:00:00,1.08939,1.09017,1.08927,1.08994,2297
2024-11-05 19:00:00,1.08994,1.09014,1.0894,1.08957,2099
2024-11-05 20:00:00,1.08958,1.08985,1.08895,1.08927,3376
2024-11-05 21:00:00,1.08927,1.09111,1.08924,1.09061,5074
2024-11-05 22:00:00,1.09058,1.09122,1.08894,1.0902,7943
2024-11-05 23:00:00,1.09021,1.09205,1.09011,1.09199,3831
2024-11-06 00:00:00,1.092,1.09303,1.09181,1.09302,2520
2024-11-06 01:00:00,1.09301,1.09365,1.09288,1.09303,3288
2024-11-06 02:00:00,1.09303,1.0934,1.09269,1.0931,2998
2024-11-06 03:00:00,1.09311,1.09311,1.09241,1.09251,2060
2024-11-06 04:00:00,1.0925,1.093,1.09241,1.09294,1327
2024-11-06 05:00:00,1.09235,1.09292,1.09235,1.09235,586
2024-11-06 06:00:00,1.09238,1.09369,1.09118,1.09339,4127
2024-11-06 07:00:00,1.09338,1.09339,1.08319,1.08362,17162
2024-11-06 08:00:00,1.08367,1.08571,1.08214,1.08364,15492
2024-11-06 09:00:00,1.08363,1.08392,1.07616,1.07624,17943
2024-11-06 10:00:00,1.07626,1.07795,1.0719,1.07464,17000
2024-11-06 11:00:00,1.07463,1.07879,1.07393,1.07775,12502
2024-11-06 12:00:00,1.07774,1.07944,1.075,1.076,14832
2024-11-06 13:00:00,1.07601,1.07615,1.07027,1.07252,14128
2024-11-06 14:00:00,1.07258,1.07523,1.07258,1.07342,15102
2024-11-06 15:00:00,1.07342,1.07812,1.0732,1.07731,13045
2024-11-06 16:00:00,1.07731,1.07741,1.075,1.07551,10049
2024-11-06 17:00:00,1.07551,1.07618,1.07415,1.07465,7057
2024-11-06 18:00:00,1.07463,1.07467,1.07011,1.0708,10534
2024-11-06 19:00:00,1.07081,1.07187,1.06824,1.06885,11832
2024-11-06 20:00:00,1.06884,1.07192,1.06824,1.07098,12353
2024-11-06 21:00:00,1.07097,1.07199,1.06984,1.07156,10631
2024-11-06 22:00:00,1.07157,1.07397,1.07141,1.07383,12934
2024-11-06 23:00:00,1.07383,1.07452,1.0726,1.07313,8277
2024-11-07 00:00:00,1.07312,1.07447,1.07257,1.07272,6020
2024-11-07 01:00:00,1.07272,1.0758,1.07259,1.07529,6862
2024-11-07 02:00:00,1.0753,1.07534,1.07297,1.07351,5405
2024-11-07 03:00:00,1.07352,1.07384,1.07327,1.07353,4520
2024-11-07 04:00:00,1.07352,1.07359,1.07267,1.07269,1598
2024-11-07 05:00:00,1.07271,1.07295,1.07249,1.07288,848
2024-11-07 06:00:00,1.07289,1.07344,1.07288,1.07315,1330
2024-11-07 07:00:00,1.07316,1.07372,1.07205,1.0721,2722
2024-11-07 08:00:00,1.0721,1.07286,1.07129,1.07176,4370
2024-11-07 09:00:00,1.07176,1.07368,1.07174,1.07366,3402
2024-11-07 10:00:00,1.07366,1.07413,1.07321,1.07398,2291
2024-11-07 11:00:00,1.07398,1.07454,1.07341,1.07377,2077
2024-11-07 12:00:00,1.07378,1.07477,1.07374,1.07461,2221
2024-11-07 13:00:00,1.0746,1.07504,1.07411,1.07499,2854
2024-11-07 14:00:00,1.07475,1.07701,1.0745,1.0752,6259
2024-11-07 15:00:00,1.07522,1.07716,1.07491,1.07688,7122
2024-11-07 16:00:00,1.07687,1.0769,1.07459,1.07462,5377
2024-11-07 17:00:00,1.07462,1.07665,1.07462,1.07559,4302
2024-11-07 18:00:00,1.07559,1.07622,1.07521,1.07589,3349
2024-11-07 19:00:00,1.0759,1.07779,1.07566,1.07752,7164
2024-11-07 20:00:00,1.07753,1.07946,1.07736,1.07923,10798
2024-11-07 21:00:00,1.07924,1.08167,1.07812,1.08092,8338
2024-11-07 22:00:00,1.08091,1.08247,1.08049,1.0811,8509
2024-11-07 23:00:00,1.0811,1.08149,1.07845,1.07915,7394
2024-11-08 00:00:00,1.07912,1.08062,1.07873,1.08047,4045
2024-11-08 01:00:00,1.08048,1.08066,1.07927,1.07977,3255
2024-11-08 02:00:00,1.07982,1.08034,1.07669,1.07817,16118
2024-11-08 03:00:00,1.07819,1.08094,1.078,1.08025,9519
2024-11-08 04:00:00,1.08023,1.08038,1.07993,1.08038,1493
2024-11-08 05:00:00,1.08038,1.08048,1.08025,1.08035,1363
2024-11-08 06:00:00,1.08044,1.08046,1.07941,1.07954,1529
2024-11-08 07:00:00,1.07954,1.07973,1.07883,1.07904,2941
2024-11-08 08:00:00,1.07905,1.07913,1.0779,1.07868,4103
2024-11-08 09:00:00,1.07868,1.07898,1.07796,1.07809,3371
2024-11-08 10:00:00,1.07808,1.07887,1.07769,1.07781,2396
2024-11-08 11:00:00,1.07781,1.07837,1.07765,1.07828,1890
2024-11-08 12:00:00,1.07828,1.07863,1.07799,1.07817,2278
2024-11-08 13:00:00,1.07819,1.07837,1.07727,1.07773,3608
2024-11-08 14:00:00,1.07773,1.07838,1.0775,1.07796,4319
2024-11-08 15:00:00,1.07796,1.07826,1.07609,1.07787,9785
2024-11-08 16:00:00,1.07787,1.07891,1.07722,1.07789,5947
2024-11-08 17:00:00,1.07789,1.07795,1.07672,1.07785,4263
2024-11-08 18:00:00,1.07787,1.07974,1.07787,1.07829,4077
2024-11-08 19:00:00,1.07831,1.07843,1.07667,1.0772,5655
2024-11-08 20:00:00,1.07719,1.07726,1.07445,1.07527,7259
2024-11-08 21:00:00,1.07528,1.07656,1.07495,1.07516,6400
2024-11-08 22:00:00,1.07516,1.07522,1.07402,1.07483,8055
2024-11-08 23:00:00,1.07483,1.07502,1.07092,1.07096,6770
2024-11-09 00:00:00,1.07097,1.07131,1.06868,1.0709,7755
2024-11-09 01:00:00,1.07091,1.07187,1.06999,1.07065,4099
2024-11-09 02:00:00,1.07064,1.07153,1.07055,1.07136,3448
2024-11-09 03:00:00,1.07136,1.07196,1.07103,1.07175,3659
2024-11-09 04:00:00,1.07177,1.07214,1.07173,1.07182,1994
2024-11-11 05:00:00,1.07093,1.07128,1.07075,1.07079,2050
2024-11-11 06:00:00,1.07085,1.07169,1.07077,1.07132,1738
2024-11-11 07:00:00,1.07131,1.07187,1.07087,1.07168,2873
2024-11-11 08:00:00,1.07168,1.07277,1.07157,1.07202,3703
2024-11-11 09:00:00,1.07201,1.07252,1.07195,1.07228,2141
2024-11-11 10:00:00,1.07228,1.07271,1.07151,1.07167,1541
2024-11-11 11:00:00,1.07167,1.07168,1.07078,1.07138,1510
2024-11-11 12:00:00,1.07141,1.07188,1.07112,1.07174,1787
2024-11-11 13:00:00,1.07173,1.07213,1.07124,1.07208,2008
2024-11-11 14:00:00,1.07208,1.07221,1.06858,1.06899,6072
2024-11-11 15:00:00,1.069,1.06942,1.06785,1.06872,5732
2024-11-11 16:00:00,1.06873,1.06896,1.0668,1.06815,5377
2024-11-11 17:00:00,1.06814,1.06885,1.06708,1.06719,4210
2024-11-11 18:00:00,1.06718,1.06718,1.06557,1.06624,5292
2024-11-11 19:00:00,1.06628,1.06645,1.06521,1.06522,3461
2024-11-11 20:00:00,1.06522,1.06553,1.06366,1.0648,5342
2024-11-11 21:00:00,1.06481,1.06575,1.06286,1.06426,6176
2024-11-11 22:00:00,1.06426,1.06505,1.06364,1.06473,5451
2024-11-11 23:00:00,1.06473,1.06541,1.06448,1.06519,3555
2024-11-12 00:00:00,1.06517,1.06562,1.0645,1.0649,2447
2024-11-12 01:00:00,1.06489,1.06518,1.06458,1.06504,2280
2024-11-12 02:00:00,1.06503,1.06573,1.06493,1.06511,1589
2024-11-12 03:00:00,1.06512,1.06563,1.06512,1.06556,1798
2024-11-12 04:00:00,1.06555,1.06578,1.06533,1.06533,1206
2024-11-12 05:00:00,1.06534,1.0657,1.06514,1.0656,684
2024-11-12 06:00:00,1.06558,1.06631,1.06539,1.06631,932
2024-11-12 07:00:00,1.0663,1.06631,1.06541,1.06578,2119
2024-11-12 08:00:00,1.06583,1.06598,1.06478,1.06481,3862
2024-11-12 09:00:00,1.06482,1.06519,1.06419,1.06434,3354
2024-11-12 10:00:00,1.06434,1.06493,1.0638,1.06382,2123
2024-11-12 11:00:00,1.06382,1.06456,1.06378,1.0644,2032
2024-11-12 12:00:00,1.0644,1.06457,1.06392,1.06398,2582
2024-11-12 13:00:00,1.06398,1.06398,1.06294,1.06343,3063
2024-11-12 14:00:00,1.06342,1.06372,1.06214,1.0632,5146
2024-11-12 15:00:00,1.06319,1.06341,1.0617,1.06317,5828
2024-11-12 16:00:00,1.06317,1.06322,1.06165,1.0626,4338
2024-11-12 17:00:00,1.06258,1.06258,1.06111,1.06178,4761
2024-11-12 18:00:00,1.06178,1.06296,1.06174,1.06188,3987
2024-11-12 19:00:00,1.06188,1.06213,1.06063,1.06196,4927
2024-11-12 20:00:00,1.06197,1.06272,1.06143,1.0623,5951
2024-11-12 21:00:00,1.06229,1.0626,1.06137,1.06174,6191
2024-11-12 22:00:00,1.06175,1.06178,1.06019,1.06089,7114
2024-11-12 23:00:00,1.0609,1.06157,1.0596,1.0598,6463
2024-11-13 00:00:00,1.0598,1.06082,1.05951,1.06068,5879
2024-11-13 01:00:00,1.06068,1.06171,1.06065,1.06159,3530
2024-11-13 02:00:00,1.06159,1.06185,1.06122,1.06124,2280
2024-11-13 03:00:00,1.06124,1.06235,1.06094,1.06221,2524
2024-11-13 04:00:00,1.06222,1.06266,1.06216,1.06216,1787
2024-11-13 05:00:00,1.06208,1.06231,1.06179,1.06193,1835
2024-11-13 06:00:00,1.06197,1.06213,1.06138,1.06166,1443
2024-11-13 07:00:00,1.06166,1.06171,1.06109,1.06127,1666
2024-11-13 08:00:00,1.06127,1.06291,1.0612,1.06279,3667
2024-11-13 09:00:00,1.06279,1.06294,1.06216,1.06261,2281
2024-11-13 10:00:00,1.06262,1.06279,1.06177,1.06191,1573
2024-11-13 11:00:00,1.0619,1.06225,1.06176,1.06177,1514
2024-11-13 12:00:00,1.06178,1.06184,1.06094,1.0613,1702
2024-11-13 13:00:00,1.0613,1.06169,1.06075,1.06134,2776
2024-11-13 14:00:00,1.06134,1.06143,1.06024,1.0603,2961
2024-11-13 15:00:00,1.06029,1.06131,1.05933,1.06121,4426
2024-11-13 16:00:00,1.06121,1.06298,1.06079,1.06269,4325
2024-11-13 17:00:00,1.06268,1.06283,1.06117,1.06149,3518
2024-11-13 18:00:00,1.0615,1.0638,1.061,1.06375,3796
2024-11-13 19:00:00,1.06375,1.06435,1.06243,1.06313,4527
2024-11-13 20:00:00,1.06312,1.0654,1.06237,1.06365,13447
2024-11-13 21:00:00,1.06365,1.06379,1.05762,1.05854,13995
2024-11-13 22:00:00,1.05854,1.05936,1.05556,1.05886,14766
2024-11-13 23:00:00,1.05887,1.0592,1.05623,1.0566,7982
2024-11-14 00:00:00,1.05661,1.05774,1.05615,1.05688,5244
2024-11-14 01:00:00,1.0569,1.05695,1.05564,1.05588,3965
2024-11-14 02:00:00,1.05588,1.05758,1.05565,1.05655,3456
2024-11-14 03:00:00,1.05655,1.05688,1.05588,1.0562,2622
2024-11-14 04:00:00,1.0562,1.05668,1.05617,1.05622,1677
2024-11-14 05:00:00,1.05617,1.05636,1.05577,1.05621,1548
2024-11-14 06:00:00,1.05621,1.05658,1.0561,1.05657,1208
2024-11-14 07:00:00,1.05656,1.05686,1.05626,1.05652,1895
2024-11-14 08:00:00,1.05651,1.05651,1.0551,1.05561,3235
2024-11-14 09:00:00,1.0556,1.05577,1.05473,1.05493,3017
2024-11-14 10:00:00,1.05493,1.05557,1.05454,1.05477,2452
2024-11-14 11:00:00,1.05477,1.05501,1.05451,1.05484,1808
2024-11-14 12:00:00,1.05485,1.05485,1.05339,1.05471,2795
2024-11-14 13:00:00,1.05471,1.05541,1.05424,1.0545,3063
2024-11-14 14:00:00,1.0545,1.05546,1.05407,1.0551,4167
2024-11-14 15:00:00,1.0551,1.05579,1.05323,1.05361,5198
2024-11-14 16:00:00,1.05361,1.0542,1.05177,1.05202,5187
2024-11-14 17:00:00,1.05201,1.05208,1.05018,1.05112,5455
2024-11-14 18:00:00,1.05112,1.05339,1.0496,1.05288,6148
2024-11-14 19:00:00,1.0529,1.0545,1.05232,1.05358,5563
2024-11-14 20:00:00,1.05358,1.05435,1.05134,1.05304,11947
2024-11-14 21:00:00,1.05303,1.05689,1.05295,1.05527,10578
2024-11-14 22:00:00,1.05528,1.05777,1.05527,1.05748,9774
2024-11-14 23:00:00,1.05747,1.05825,1.05605,1.05618,6757
2024-11-15 00:00:00,1.05617,1.05636,1.05549,1.05591,4457
2024-11-15 01:00:00,1.05594,1.05605,1.05459,1.0547,3043
2024-11-15 02:00:00,1.05469,1.05517,1.05433,1.05477,3019
2024-11-15 03:00:00,1.05478,1.05489,1.05119,1.05203,12255
2024-11-15 04:00:00,1.05202,1.05301,1.05188,1.05299,2980
2024-11-15 05:00:00,1.05299,1.0533,1.0525,1.0531,1214
2024-11-15 06:00:00,1.0531,1.0532,1.05256,1.05295,1289
2024-11-15 07:00:00,1.05295,1.05336,1.05236,1.05306,2431
2024-11-15 08:00:00,1.05306,1.05415,1.05281,1.05318,3926
2024-11-15 09:00:00,1.05317,1.05426,1.05317,1.0541,3174
2024-11-15 10:00:00,1.0541,1.05459,1.05392,1.05402,2229
2024-11-15 11:00:00,1.05402,1.05458,1.05391,1.05425,1667
2024-11-15 12:00:00,1.05425,1.05428,1.05392,1.05402,2258
2024-11-15 13:00:00,1.05401,1.05612,1.05336,1.0554,3870
2024-11-15 14:00:00,1.0554,1.05639,1.05508,1.05565,4086
2024-11-15 15:00:00,1.05566,1.05718,1.05523,1.05698,5358
2024-11-15 16:00:00,1.05697,1.05799,1.05605,1.05621,4539
2024-11-15 17:00:00,1.05621,1.05777,1.05587,1.05745,4522
2024-11-15 18:00:00,1.05745,1.05798,1.05706,1.05772,3891
2024-11-15 19:00:00,1.05771,1.05789,1.0564,1.05759,3803
2024-11-15 20:00:00,1.0576,1.0593,1.0554,1.05584,12743
2024-11-15 21:00:00,1.05583,1.05632,1.05231,1.05315,11806
2024-11-15 22:00:00,1.05316,1.05422,1.05247,1.05352,11355
2024-11-15 23:00:00,1.05351,1.05514,1.0533,1.05511,8325
2024-11-16 00:00:00,1.05511,1.056,1.05471,1.05486,6397
2024-11-16 01:00:00,1.05488,1.05546,1.05386,1.05515,4207
2024-11-16 02:00:00,1.05515,1.05522,1.05359,1.05371,4103
2024-11-16 03:00:00,1.05371,1.05378,1.05163,1.05275,4674
2024-11-16 04:00:00,1.05277,1.05404,1.05228,1.05394,2679
2024-11-18 05:00:00,1.0528,1.05356,1.0528,1.05315,1494
2024-11-18 06:00:00,1.05315,1.05384,1.05314,1.05362,1808
2024-11-18 07:00:00,1.05362,1.05497,1.0533,1.05487,2890
2024-11-18 08:00:00,1.05486,1.05505,1.05387,1.05421,5213
2024-11-18 09:00:00,1.05421,1.05464,1.05379,1.05413,3007
2024-11-18 10:00:00,1.05414,1.05446,1.05302,1.05341,2353
2024-11-18 11:00:00,1.0534,1.05424,1.05334,1.05407,1869
2024-11-18 12:00:00,1.05406,1.0544,1.05354,1.0538,2744
2024-11-18 13:00:00,1.0538,1.05475,1.05361,1.05427,2920
2024-11-18 14:00:00,1.05428,1.05482,1.05379,1.05472,3449
2024-11-18 15:00:00,1.05472,1.05561,1.05417,1.05467,5238
2024-11-18 16:00:00,1.05468,1.05711,1.05432,1.05661,5381
2024-11-18 17:00:00,1.05661,1.05671,1.05458,1.0548,4343
2024-11-18 18:00:00,1.0548,1.0548,1.05325,1.05423,4292
2024-11-18 19:00:00,1.05424,1.05488,1.05346,1.05471,4340
2024-11-18 20:00:00,1.05472,1.05686,1.05454,1.05677,5523
2024-11-18 21:00:00,1.05678,1.05744,1.05605,1.05685,6113
2024-11-18 22:00:00,1.05686,1.05754,1.05606,1.05736,5911
2024-11-18 23:00:00,1.05735,1.05858,1.05652,1.05858,4643
2024-11-19 00:00:00,1.0586,1.05924,1.05798,1.0591,4752
2024-11-19 01:00:00,1.0591,1.05978,1.05872,1.05972,2721
2024-11-19 02:00:00,1.05972,1.06071,1.05887,1.05908,3324
2024-11-19 03:00:00,1.05907,1.05963,1.0589,1.05924,2181
2024-11-19 04:00:00,1.05924,1.06004,1.05904,1.05979,1454
2024-11-19 05:00:00,1.05979,1.05995,1.0596,1.05982,655
2024-11-19 06:00:00,1.05981,1.05986,1.05931,1.05945,1170
2024-11-19 07:00:00,1.05945,1.05946,1.05871,1.05896,2278
2024-11-19 08:00:00,1.05898,1.0596,1.05888,1.05931,3236
2024-11-19 09:00:00,1.0593,1.05963,1.05887,1.05917,3182
2024-11-19 10:00:00,1.05917,1.06007,1.05914,1.05967,2859
2024-11-19 11:00:00,1.05969,1.06007,1.05864,1.0587,2226
2024-11-19 12:00:00,1.0587,1.05885,1.05826,1.05835,2102
2024-11-19 13:00:00,1.05836,1.05963,1.05832,1.05927,2772
2024-11-19 14:00:00,1.05928,1.05948,1.05744,1.05775,4678
2024-11-19 15:00:00,1.05774,1.0588,1.05625,1.05715,9484
2024-11-19 16:00:00,1.05715,1.0578,1.05233,1.05492,13145
2024-11-19 17:00:00,1.05493,1.05692,1.05434,1.05609,6487
2024-11-19 18:00:00,1.0561,1.05646,1.05493,1.05619,4766
2024-11-19 19:00:00,1.0562,1.05721,1.05595,1.0572,4402
2024-11-19 20:00:00,1.05721,1.05975,1.05718,1.05767,8847
2024-11-19 21:00:00,1.05768,1.05955,1.05698,1.05725,11674
2024-11-19 22:00:00,1.05725,1.0601,1.05655,1.05866,8649
2024-11-19 23:00:00,1.05867,1.05927,1.05708,1.05776,6003
2024-11-20 00:00:00,1.05775,1.05889,1.05765,1.05803,4020
2024-11-20 01:00:00,1.05802,1.05902,1.0571,1.05898,3519
2024-11-20 02:00:00,1.05899,1.05952,1.05836,1.05936,3605
2024-11-20 03:00:00,1.05935,1.05978,1.05913,1.05935,2782
2024-11-20 04:00:00,1.05935,1.05974,1.05928,1.05937,1558
2024-11-20 05:00:00,1.05931,1.05955,1.05859,1.05944,1614
2024-11-20 06:00:00,1.05947,1.0608,1.05938,1.0607,1469
2024-11-20 07:00:00,1.0607,1.06097,1.05989,1.05992,1749
2024-11-20 08:00:00,1.05993,1.06039,1.05958,1.06001,2796
2024-11-20 09:00:00,1.06002,1.06034,1.05956,1.05958,2302
2024-11-20 10:00:00,1.05959,1.05987,1.05883,1.05897,1655
2024-11-20 11:00:00,1.05896,1.05944,1.05877,1.05929,1288
2024-11-20 12:00:00,1.05929,1.05941,1.05866,1.0587,1488
2024-11-20 13:00:00,1.0587,1.05954,1.05829,1.05874,2942
2024-11-20 14:00:00,1.05873,1.05947,1.05765,1.05783,5708
2024-11-20 15:00:00,1.05782,1.0579,1.05601,1.05643,5390
2024-11-20 16:00:00,1.05642,1.05688,1.0553,1.05555,4781
2024-11-20 17:00:00,1.05554,1.05614,1.05454,1.05489,4991
2024-11-20 18:00:00,1.05488,1.05562,1.05421,1.05543,4612
2024-11-20 19:00:00,1.05545,1.05679,1.05517,1.05584,4492
2024-11-20 20:00:00,1.05584,1.05632,1.05513,1.05565,4970
2024-11-20 21:00:00,1.05565,1.05568,1.05224,1.05249,7406
2024-11-20 22:00:00,1.05251,1.05379,1.05159,1.05214,7700
2024-11-20 23:00:00,1.05215,1.05248,1.05068,1.052,6302
2024-11-21 00:00:00,1.052,1.05363,1.05161,1.0532,3617
2024-11-21 01:00:00,1.05319,1.05362,1.05255,1.0536,3786
2024-11-21 02:00:00,1.05361,1.05423,1.0536,1.05395,2630
2024-11-21 03:00:00,1.05393,1.05399,1.05362,1.05392,2069
2024-11-21 04:00:00,1.05389,1.05443,1.05379,1.05435,2003
2024-11-21 05:00:00,1.0543,1.05431,1.05394,1.05413,1804
2024-11-21 06:00:00,1.05421,1.05459,1.05418,1.05456,785
2024-11-21 07:00:00,1.05457,1.05473,1.05424,1.05456,1637
2024-11-21 08:00:00,1.05458,1.05497,1.05449,1.05457,2770
2024-11-21 09:00:00,1.05457,1.05501,1.05457,1.05493,1884
2024-11-21 10:00:00,1.05494,1.05531,1.05475,1.0553,1518
2024-11-21 11:00:00,1.05531,1.05548,1.05489,1.05512,1466
2024-11-21 12:00:00,1.05513,1.05515,1.05463,1.05466,2119
2024-11-21 13:00:00,1.05467,1.05544,1.0542,1.05454,3675
2024-11-21 14:00:00,1.05453,1.05472,1.05295,1.05364,5854
2024-11-21 15:00:00,1.05365,1.05432,1.0524,1.05406,5919
2024-11-21 16:00:00,1.05405,1.05407,1.05139,1.05168,7311
2024-11-21 17:00:00,1.05169,1.05284,1.05138,1.05208,4061
2024-11-21 18:00:00,1.05208,1.05313,1.0516,1.052,3857
2024-11-21 19:00:00,1.052,1.05357,1.05175,1.05274,3978
2024-11-21 20:00:00,1.05273,1.05392,1.05152,1.0533,8321
2024-11-21 21:00:00,1.0533,1.05356,1.05209,1.05351,8746
2024-11-21 22:00:00,1.05351,1.05447,1.05089,1.05103,8673
2024-11-21 23:00:00,1.05103,1.05146,1.04713,1.04742,12897
2024-11-22 00:00:00,1.04741,1.04878,1.04622,1.04873,6732
2024-11-22 01:00:00,1.04873,1.04893,1.04781,1.04861,3554
2024-11-22 02:00:00,1.04862,1.04872,1.04732,1.04844,3367
2024-11-22 03:00:00,1.04843,1.04867,1.04779,1.04791,2314
2024-11-22 04:00:00,1.04791,1.04807,1.04717,1.04738,1463
2024-11-22 05:00:00,1.04735,1.04775,1.04718,1.04748,690
2024-11-22 06:00:00,1.0475,1.04768,1.04676,1.0469,1454
2024-11-22 07:00:00,1.04689,1.04756,1.04663,1.04756,2676
2024-11-22 08:00:00,1.04754,1.04777,1.04693,1.04715,2662
2024-11-22 09:00:00,1.04715,1.04732,1.04671,1.04728,2568
2024-11-22 10:00:00,1.04728,1.04782,1.04722,1.0475,2138
2024-11-22 11:00:00,1.0475,1.04762,1.04695,1.04747,1947
2024-11-22 12:00:00,1.04745,1.04745,1.04615,1.04646,3099
2024-11-22 13:00:00,1.04646,1.04704,1.04635,1.04694,2671
2024-11-22 14:00:00,1.04692,1.04892,1.04624,1.04861,5012
2024-11-22 15:00:00,1.04861,1.04981,1.0441,1.04434,11099
2024-11-22 16:00:00,1.04437,1.04441,1.03325,1.04019,17705
2024-11-22 17:00:00,1.04019,1.04374,1.03848,1.04297,9449
2024-11-22 18:00:00,1.04297,1.04298,1.0408,1.04165,6111
2024-11-22 19:00:00,1.04167,1.04195,1.03979,1.04074,6755
2024-11-22 20:00:00,1.04077,1.04344,1.04063,1.04294,7773
2024-11-22 21:00:00,1.04295,1.04346,1.04022,1.04043,10261
2024-11-22 22:00:00,1.04041,1.042,1.03951,1.04106,13349
2024-11-22 23:00:00,1.04107,1.04118,1.03919,1.03983,6681
2024-11-23 00:00:00,1.03985,1.04205,1.03982,1.04189,3754
2024-11-23 01:00:00,1.04188,1.04254,1.04147,1.04166,3082
2024-11-23 02:00:00,1.04166,1.04189,1.04086,1.04109,2516
2024-11-23 03:00:00,1.04108,1.04174,1.0408,1.04145,2635
2024-11-23 04:00:00,1.04146,1.04201,1.04133,1.04193,2260
2024-11-25 05:00:00,1.04806,1.04816,1.04618,1.04793,3036
2024-11-25 06:00:00,1.04792,1.05013,1.04646,1.04793,6097
2024-11-25 07:00:00,1.04792,1.04849,1.04735,1.04812,4643
2024-11-25 08:00:00,1.04811,1.049,1.04741,1.04778,4849
2024-11-25 09:00:00,1.04778,1.04894,1.04745,1.0487,3376
2024-11-25 10:00:00,1.0487,1.04881,1.04757,1.04778,2656
2024-11-25 11:00:00,1.04778,1.0481,1.04745,1.04791,2085
2024-11-25 12:00:00,1.04792,1.0483,1.04752,1.04791,2570
2024-11-25 13:00:00,1.04792,1.04895,1.04749,1.04835,3726
2024-11-25 14:00:00,1.04835,1.04836,1.04498,1.04504,5743
2024-11-25 15:00:00,1.04505,1.04671,1.0449,1.04655,8450
2024-11-25 16:00:00,1.04652,1.0497,1.04628,1.04895,8726
2024-11-25 17:00:00,1.04894,1.04969,1.04835,1.0486,6049
2024-11-25 18:00:00,1.04859,1.04904,1.0475,1.04793,4600
2024-11-25 19:00:00,1.04794,1.04934,1.0474,1.04886,5445
2024-11-25 20:00:00,1.04887,1.05301,1.04887,1.05284,10304
2024-11-25 21:00:00,1.05286,1.05303,1.05046,1.0508,10157
2024-11-25 22:00:00,1.0508,1.05192,1.04862,1.04884,8995
2024-11-25 23:00:00,1.04884,1.04945,1.04667,1.04776,7638
2024-11-26 00:00:00,1.04775,1.0487,1.04689,1.04861,4205
2024-11-26 01:00:00,1.0486,1.05079,1.04857,1.05074,4255
2024-11-26 02:00:00,1.05075,1.05107,1.05014,1.05055,3013
2024-11-26 03:00:00,1.05052,1.05093,1.04919,1.04922,2884
2024-11-26 04:00:00,1.04922,1.0497,1.04918,1.04942,2231
2024-11-26 05:00:00,1.04928,1.0496,1.04876,1.04949,927
2024-11-26 06:00:00,1.0495,1.05006,1.04428,1.04437,5585
2024-11-26 07:00:00,1.04437,1.04572,1.0425,1.04349,10741
2024-11-26 08:00:00,1.04347,1.04645,1.04303,1.0454,8405
2024-11-26 09:00:00,1.0454,1.04647,1.04511,1.04609,4230
2024-11-26 10:00:00,1.04608,1.04801,1.04584,1.04779,3642
2024-11-26 11:00:00,1.04779,1.04904,1.04767,1.04797,2254
2024-11-26 12:00:00,1.04795,1.04814,1.04741,1.04752,2278
2024-11-26 13:00:00,1.04752,1.04835,1.04741,1.04761,3202
2024-11-26 14:00:00,1.04762,1.04855,1.0472,1.0472,7659
2024-11-26 15:00:00,1.0472,1.04962,1.047,1.04912,7954
2024-11-26 16:00:00,1.04912,1.05189,1.0491,1.05072,8932
2024-11-26 17:00:00,1.05072,1.05207,1.05055,1.05169,5296
2024-11-26 18:00:00,1.05169,1.05209,1.0505,1.05132,4243
2024-11-26 19:00:00,1.05132,1.05447,1.051,1.05238,8984
2024-11-26 20:00:00,1.05237,1.05266,1.05,1.05035,9817
2024-11-26 21:00:00,1.05034,1.05059,1.04897,1.05031,8883
2024-11-26 22:00:00,1.05027,1.051,1.04786,1.04796,10292
2024-11-26 23:00:00,1.04796,1.04862,1.04636,1.04799,8220
2024-11-27 00:00:00,1.04799,1.04806,1.04642,1.04704,4654
2024-11-27 01:00:00,1.04704,1.04744,1.04571,1.0465,3814
2024-11-27 02:00:00,1.04651,1.04809,1.04581,1.04727,5664
2024-11-27 03:00:00,1.04727,1.04819,1.04717,1.04809,3124
2024-11-27 04:00:00,1.04808,1.04902,1.04807,1.04873,1907
2024-11-27 05:00:00,1.04868,1.04881,1.0485,1.04867,2059
2024-11-27 06:00:00,1.0487,1.0492,1.0486,1.04918,1368
2024-11-27 07:00:00,1.04918,1.04964,1.04888,1.04894,2892
2024-11-27 08:00:00,1.04893,1.04928,1.04846,1.04868,4728
2024-11-27 09:00:00,1.04868,1.04882,1.04814,1.04854,2881
2024-11-27 10:00:00,1.04855,1.04857,1.04777,1.04829,2144
2024-11-27 11:00:00,1.04829,1.04838,1.04773,1.04786,1619
2024-11-27 12:00:00,1.04785,1.04801,1.04744,1.04768,1568
2024-11-27 13:00:00,1.04767,1.04862,1.04752,1.04799,2659
2024-11-27 14:00:00,1.04798,1.05052,1.04797,1.04982,5605
2024-11-27 15:00:00,1.04982,1.05402,1.04961,1.05141,13636
2024-11-27 16:00:00,1.05141,1.05186,1.0509,1.05165,6368
2024-11-27 17:00:00,1.05164,1.05305,1.05126,1.05277,5405
2024-11-27 18:00:00,1.05277,1.05305,1.05103,1.05261,4411
2024-11-27 19:00:00,1.05261,1.05377,1.05199,1.05277,5697
2024-11-27 20:00:00,1.0528,1.05737,1.0527,1.05726,10529
2024-11-27 21:00:00,1.05727,1.05787,1.05482,1.05562,10473
2024-11-27 22:00:00,1.05566,1.05797,1.05331,1.05706,11235
2024-11-27 23:00:00,1.05706,1.05846,1.05549,1.05742,9405
2024-11-28 00:00:00,1.05742,1.05876,1.05714,1.05764,5760
2024-11-28 01:00:00,1.05763,1.05786,1.05652,1.05661,3164
2024-11-28 02:00:00,1.0566,1.05709,1.05605,1.05628,2990
2024-11-28 03:00:00,1.05628,1.05665,1.05593,1.05653,3246
2024-11-28 04:00:00,1.05653,1.05683,1.05625,1.05657,1737
2024-11-28 05:00:00,1.05654,1.05692,1.05628,1.05667,692
2024-11-28 06:00:00,1.05671,1.05691,1.05609,1.05619,1138
2024-11-28 07:00:00,1.05619,1.05622,1.0551,1.05517,2554
2024-11-28 08:00:00,1.05517,1.05627,1.05473,1.05571,4413
2024-11-28 09:00:00,1.05572,1.0561,1.05511,1.05571,2727
2024-11-28 10:00:00,1.0557,1.05579,1.05501,1.05522,1771
2024-11-28 11:00:00,1.05524,1.05572,1.05487,1.05546,1790
2024-11-28 12:00:00,1.05547,1.0558,1.05496,1.055,1477
2024-11-28 13:00:00,1.055,1.05517,1.05427,1.05483,2355
2024-11-28 14:00:00,1.05484,1.05551,1.05319,1.05415,4725
2024-11-28 15:00:00,1.05414,1.05495,1.05275,1.05441,8260
2024-11-28 16:00:00,1.05441,1.05563,1.0531,1.05319,9304
2024-11-28 17:00:00,1.05319,1.05505,1.05299,1.05504,4834
2024-11-28 18:00:00,1.05505,1.05562,1.05455,1.055,3234
2024-11-28 19:00:00,1.05498,1.05538,1.05438,1.05449,3232
2024-11-28 20:00:00,1.05449,1.05477,1.05302,1.05338,5805
2024-11-28 21:00:00,1.05338,1.05494,1.05315,1.05492,5108
2024-11-28 22:00:00,1.05493,1.0557,1.05417,1.05525,5112
2024-11-28 23:00:00,1.05524,1.05548,1.05475,1.05539,2642
2024-11-29 00:00:00,1.05539,1.05555,1.05504,1.05528,1015
2024-11-29 01:00:00,1.0553,1.05567,1.05521,1.05554,449
2024-11-29 02:00:00,1.05554,1.05568,1.0554,1.05566,430
2024-11-29 03:00:00,1.05566,1.0557,1.05537,1.05546,393
2024-11-29 04:00:00,1.05547,1.05568,1.05511,1.05511,494
2024-11-29 05:00:00,1.05511,1.05551,1.05502,1.05508,650
2024-11-29 06:00:00,1.05508,1.05621,1.05508,1.056,1627
2024-11-29 07:00:00,1.05601,1.05716,1.05586,1.05625,3073
2024-11-29 08:00:00,1.05625,1.05748,1.05564,1.05598,6561
2024-11-29 09:00:00,1.05597,1.05739,1.0559,1.0571,3168
2024-11-29 10:00:00,1.0571,1.0576,1.0566,1.05736,2648
2024-11-29 11:00:00,1.05736,1.05767,1.05684,1.05699,1946
2024-11-29 12:00:00,1.05698,1.05741,1.05663,1.0568,2867
2024-11-29 13:00:00,1.05677,1.05805,1.05652,1.05801,2893
2024-11-29 14:00:00,1.05803,1.05971,1.05753,1.05795,7838
2024-11-29 15:00:00,1.05794,1.0582,1.05639,1.05699,6807
2024-11-29 16:00:00,1.057,1.05815,1.05518,1.05574,8140
2024-11-29 17:00:00,1.05573,1.05732,1.05564,1.05645,6883
2024-11-29 18:00:00,1.05644,1.05677,1.0555,1.05625,5414
2024-11-29 19:00:00,1.05626,1.05656,1.0548,1.05642,6118
2024-11-29 20:00:00,1.05644,1.05684,1.05553,1.05628,6059
2024-11-29 21:00:00,1.05629,1.05645,1.05454,1.05532,6632
2024-11-29 22:00:00,1.05531,1.05677,1.05459,1.05612,9507
2024-11-29 23:00:00,1.05612,1.0563,1.05414,1.05465,8307
2024-11-30 00:00:00,1.05465,1.05678,1.05435,1.05673,4989
2024-11-30 01:00:00,1.05674,1.05781,1.05674,1.05753,4560
2024-11-30 02:00:00,1.05753,1.058,1.05722,1.05795,4359
2024-11-30 03:00:00,1.05796,1.05843,1.05781,1.05823,4306
2024-11-30 04:00:00,1.05822,1.0583,1.05747,1.05748,5931
